[
  {
    "select": false,
    "cloud": "Finance",
    "wf": "Fixed Asset Mass Transfers Import",
    "desc": "Posts mass transfer transactions with a status of Post.",
    "excel": "",
    "job": "Post Mass Transfers",
    "paramkey": ["a", "b","c", "d"],
    "paramvalue": "",
    "ucm": ""
  },
  {
    "select": false,
    "cloud": "Finance",
    "wf": "Fixed Asset Mass Adjustments Import",
    "desc": "Posts all mass financial transactions in the interface table that are in a status of Post.",
    "excel": "",
    "job": "Post Mass Fixed Asset Financial Transactions",
    "paramkey": "",
    "paramvalue": "",
    "ucm": ""
  },
  {
    "select": false,
    "cloud": "Finance",
    "wf": "Units of Production Import",
    "desc": "Uploads units of production data from the FA_PRODUCTION_INTERFACE table to the FA_PERIODIC_PRODUCTION table",
    "excel": "",
    "job": "Upload Units of Production",
    "paramkey": "",
    "paramvalue": "",
    "ucm": ""
  },
  {
    "select": false,
    "cloud": "Finance",
    "wf": "Supplier Bank Account Import",
    "desc": "Imports supplier bank accounts and payee information.",
    "excel": "",
    "job": "Import Supplier Bank Accounts",
    "paramkey": "",
    "paramvalue": "",
    "ucm": ""
  },
  {
    "select": false,
    "cloud": "Finance",
    "wf": "Previous Year Tax Report Data Import",
    "desc": "Summarizes asset information by location as of January 1 for the selected calendar year. Calculates the evaluated and theoretical net book value for each asset type, and the decision cost, which is the larger of the two net book values.",
    "excel": "",
    "job": "Japanese Depreciable Assets Tax Summary Report",
    "paramkey": "",
    "paramvalue": "",
    "ucm": ""
  },
  {
    "select": false,
    "cloud": "Finance",
    "wf": "Post Mass Update Descriptive Details",
    "desc": "Updates asset descriptive details from the data in the Descriptive Details open interface table.",
    "excel": "",
    "job": "Post Mass Update Descriptive Details",
    "paramkey": "",
    "paramvalue": "",
    "ucm": ""
  },
  {
    "select": false,
    "cloud": "Finance",
    "wf": "Physical Inventory Interface Import",
    "desc": "Compares the entered physical inventory data with the asset book, and lists the differences and possible actions to correct the differences.",
    "excel": "",
    "job": "Asset Physical Inventory Comparison",
    "paramkey": "",
    "paramvalue": "",
    "ucm": ""
  },
  {
    "select": false,
    "cloud": "Finance",
    "wf": "Payables Standard Invoice Import",
    "desc": "Creates Oracle Fusion Payables invoices from invoice data in the open interface tables.",
    "excel": "",
    "job": "Import Payables Invoices",
    "paramkey": "",
    "paramvalue": "",
    "ucm": ""
  },
  {
    "select": false,
    "cloud": "Finance",
    "wf": "Fixed Asset Mass Transfers Import",
    "desc": "Posts mass transfer transactions with a status of Post.",
    "excel": "",
    "job": "Post Mass Transfers",
    "paramkey": "",
    "paramvalue": "",
    "ucm": ""
  },
  {
    "select": false,
    "cloud": "Finance",
    "wf": "Fixed Asset Mass Retirements Import",
    "desc": "Posts mass retirement transactions with a status of Post.",
    "excel": "",
    "job": "Post Mass Retirements",
    "paramkey": "",
    "paramvalue": "",
    "ucm": ""
  },
  {
    "select": false,
    "cloud": "Finance",
    "wf": "Fixed Asset Mass Additions Import",
    "desc": "Creates assets from mass addition lines in the Post queue and adds mass addition lines in the Cost Adjustment queue to the existing assets.",
    "excel": "",
    "job": "Post Mass Additions",
    "paramkey": "",
    "paramvalue": "",
    "ucm": ""
  },
  {
    "select": false,
    "cloud": "Finance",
    "wf": "Journal Import",
    "desc": "Creates journal entries from imported information from subledgers and other source systems.",
    "excel": "",
    "job": "Import Journals",
    "paramkey": "",
    "paramvalue": "",
    "ucm": ""
  },
  {
    "select": false,
    "cloud": "Finance",
    "wf": "AutoInvoice Import",
    "desc": "Imports invoices, credit memos, debit memos, and on-account credits from other source systems into Oracle Fusion Receivables and validates the imported data.",
    "excel": "",
    "job": "Import AutoInvoice",
    "paramkey": "",
    "paramvalue": "",
    "ucm": ""
  },
  {
    "select": false,
    "cloud": "Finance",
    "wf": "Tax Entry Repository Data Upload Interface Import",
    "desc": "Imports transactions from an external source to the tax repository.",
    "excel": "",
    "job": "Import External Transactions to the Tax Repository",
    "paramkey": "",
    "paramvalue": "",
    "ucm": ""
  },
  {
    "select": false,
    "cloud": "Finance",
    "wf": "Tax Entry Repository Data Upload Interface Import",
    "desc": "Imports transactions from an external source to the tax repository.",
    "excel": "",
    "job": "Import External Transactions to the Tax Repository",
    "paramkey": "",
    "paramvalue": "",
    "ucm": ""
  },
  {
    "select": false,
    "cloud": "Finance",
    "wf": "Customer Import",
    "desc": "Extracts, transforms, and loads business objects and associated child entities from external sources and other applications to trading community registry.",
    "excel": "",
    "job": "Import Trading Community Data in Bulk",
    "paramkey": "",
    "paramvalue": "",
    "ucm": ""
  },
  {
    "select": false,
    "cloud": "Finance",
    "wf": "China Value Added Tax Invoice Import",
    "desc": "Import VAT invoice data from a flat file and map the data to the corresponding Golden Tax transactions at both the header level and the line level.",
    "excel": "",
    "job": "Import VAT Invoices for China",
    "paramkey": "",
    "paramvalue": "",
    "ucm": ""
  },
  {
    "select": false,
    "cloud": "Finance",
    "wf": "China Value Added Tax Invoice Import",
    "desc": "Import VAT invoice data from a flat file and map the data to the corresponding Golden Tax transactions at both the header level and the line level.",
    "excel": "",
    "job": "Import VAT Invoices for China",
    "paramkey": "",
    "paramvalue": "",
    "ucm": ""
  },
  {
    "select": false,
    "cloud": "Procurement",
    "wf": "Import Supplier Business Classifications",
    "desc": "Creates and updates supplier business classifications from data in the Supplier Business Classifications open interface table.",
    "excel": "",
    "job": "Import Supplier Business Classifications",
    "paramkey": "",
    "paramvalue": "",
    "ucm": ""
  },
  {
    "select": false,
    "cloud": "Procurement",
    "wf": "Import Suppliers",
    "desc": "Creates and updates suppliers from data in the Suppliers open interface table.",
    "excel": "",
    "job": "Import Suppliers",
    "paramkey": "",
    "paramvalue": "",
    "ucm": ""
  },
  {
    "select": false,
    "cloud": "Procurement",
    "wf": "Import Supplier Sites",
    "desc": "Creates and updates supplier sites from data in the Supplier Sites open interface table.",
    "excel": "",
    "job": "Import Supplier Sites",
    "paramkey": "",
    "paramvalue": "",
    "ucm": ""
  },
  {
    "select": false,
    "cloud": "Procurement",
    "wf": "Import Supplier Site Assignments",
    "desc": "Creates and updates supplier site assignments from data in the Supplier Site Assignments open interface table.",
    "excel": "",
    "job": "Import Supplier Site Assignments",
    "paramkey": "",
    "paramvalue": "",
    "ucm": ""
  },
  {
    "select": false,
    "cloud": "Procurement",
    "wf": "Import Supplier Products and Services Categories",
    "desc": "Creates and updates supplier products and services categories from data in the Supplier Products and Services Categories open interface table.",
    "excel": "",
    "job": "Import Supplier Products and Services Categories",
    "paramkey": "",
    "paramvalue": "",
    "ucm": ""
  },
  {
    "select": false,
    "cloud": "Procurement",
    "wf": "Import Supplier Addresses",
    "desc": "Creates and updates supplier addresses from data in the Supplier Addresses open interface table.",
    "excel": "",
    "job": "Import Supplier Addresses",
    "paramkey": "",
    "paramvalue": "",
    "ucm": ""
  },
  {
    "select": false,
    "cloud": "Procurement",
    "wf": "Purchase Orders Import",
    "desc": "Imports purchase orders from external systems into Oracle Fusion Purchasing.",
    "excel": "",
    "job": "Import Orders",
    "paramkey": "",
    "paramvalue": "",
    "ucm": ""
  },
  {
    "select": false,
    "cloud": "Project Portfolio Mgmt",
    "wf": "Import Project Billing Events",
    "desc": "Creates contract billing events in Oracle Fusion Project Portfolio Management based on data loaded into the Oracle Fusion Project Billing Events open interface table.",
    "excel": "",
    "job": "Import Project Billing Events",
    "paramkey": "",
    "paramvalue": "",
    "ucm": ""
  },
  {
    "select": false,
    "cloud": "Project Portfolio Mgmt",
    "wf": "Import Project Budgets",
    "desc": "Creates budget versions in Oracle Fusion Project Control based on data loaded into the Oracle Fusion Project Budgets open interface table.",
    "excel": "",
    "job": "Import Project Budgets",
    "paramkey": "",
    "paramvalue": "",
    "ucm": ""
  },
  {
    "select": false,
    "cloud": "Project Portfolio Mgmt",
    "wf": "Import Project Forecasts",
    "desc": "Creates forecast versions in Oracle Fusion Project Control based on data loaded into the Oracle Fusion Project Forecasts open interface table.",
    "excel": "",
    "job": "Import Project Forecasts",
    "paramkey": "",
    "paramvalue": "",
    "ucm": ""
  },
  {
    "select": false,
    "cloud": "Project Portfolio Mgmt",
    "wf": "Import Projects",
    "desc": "Creates projects in Oracle Fusion Project Foundation based on the data that is loaded into the Oracle Fusion Projects open interface table.",
    "excel": "",
    "job": "Import Projects",
    "paramkey": "",
    "paramvalue": "",
    "ucm": ""
  },
  {
    "select": false,
    "cloud": "Project Portfolio Mgmt",
    "wf": "Import Project Resource Requests",
    "desc": "Imports project resource request data from the open interface and creates project resource requests.",
    "excel": "",
    "job": "Import Project Resource Requests",
    "paramkey": "",
    "paramvalue": "",
    "ucm": ""
  },
  {
    "select": false,
    "cloud": "Project Portfolio Mgmt",
    "wf": "Import Resource Actual Hours",
    "desc": "Imports resource actual hours data from the open interface and creates time transactions.",
    "excel": "",
    "job": "Import Resource Actual Hours",
    "paramkey": "",
    "paramvalue": "",
    "ucm": ""
  },
  {
    "select": false,
    "cloud": "Supply Chain Mgmt",
    "wf": "Import Sales Orders",
    "desc": "Imports orders that are loaded to interface tables",
    "excel": "",
    "job": "Import Sales Orders",
    "paramkey": "",
    "paramvalue": "",
    "ucm": ""
  },
  {
    "select": false,
    "cloud": "Supply Chain Mgmt",
    "wf": "Inventory Reservation Import",
    "desc": "Manages inventory reservations from data in the reservations open interface table.",
    "excel": "",
    "job": "Manage Reservation Interface",
    "paramkey": "",
    "paramvalue": "",
    "ucm": ""
  },
  {
    "select": false,
    "cloud": "Supply Chain Mgmt",
    "wf": "Cycle Count Import",
    "desc": "Updates cycle count tables with records from the cycle count open interface table.",
    "excel": "",
    "job": "Import Count Sequences",
    "paramkey": "",
    "paramvalue": "",
    "ucm": ""
  },
  {
    "select": false,
    "cloud": "Supply Chain Mgmt",
    "wf": "Inventory Transaction Import",
    "desc": "Creates inventory transactions from transaction data in the transaction open interface table.",
    "excel": "",
    "job": "Create Inventory Transactions",
    "paramkey": "",
    "paramvalue": "",
    "ucm": ""
  },
  {
    "select": false,
    "cloud": "Supply Chain Mgmt",
    "wf": "Receiving Receipt Import",
    "desc": "Processes pending or unprocessed receiving transactions.",
    "excel": "",
    "job": "Manage Receiving Transactions",
    "paramkey": "",
    "paramvalue": "",
    "ucm": ""
  },
  {
    "select": false,
    "cloud": "Supply Chain Mgmt",
    "wf": "Perform Shipping Transaction Import",
    "desc": "Processes pending shipping transactions received through open interfaces.",
    "excel": "",
    "job": "Perform Shipping Transactions",
    "paramkey": "",
    "paramvalue": "",
    "ucm": ""
  },
  {
    "select": false,
    "cloud": "Supply Chain Mgmt",
    "wf": "Shipment Request Import",
    "desc": "Receives shipment lines into Oracle Fusion Shipping.",
    "excel": "",
    "job": "Receive Shipment Request",
    "paramkey": "",
    "paramvalue": "",
    "ucm": ""
  }
]
